,precision,recall,f1-score,support
Benign,0.7079207920792079,0.715,0.7114427860696517,200.0
Malignant,0.7121212121212122,0.705,0.7085427135678392,200.0
accuracy,0.71,0.71,0.71,0.71
macro avg,0.71002100210021,0.71,0.7099927498187455,400.0
weighted avg,0.7100210021002101,0.71,0.7099927498187455,400.0
